index,mean,stDev
0,6.517808219178082,1.624836553698191
1,1.5650684931506849,0.5507270991829273
2,1057.4294520547944,438.5550571748915
3,472.9801369863014,213.73160807515626
4,1515.463698630137,525.3003935623227
5,6.0993150684931505,1.3825228366585953
